indice_tiempo,vacunos_cabezas,vacunos_toneladas,ovinos_cabezas,porcinos_cabezas,porcinos_toneladas,aves_cabezas,aves_toneladas
1980-01-01,1214174.0,,,199369.0,,,
1980-02-01,1131932.0,,,167072.0,,,
1980-03-01,1172202.0,,,189063.0,,,
1980-04-01,1165997.0,,,192268.0,,,
1980-05-01,1168835.0,,,181469.0,,,
1980-06-01,1070184.0,,,174511.0,,,
1980-07-01,1175414.0,,,212396.0,,,
1980-08-01,1079374.0,,,194332.0,,,
1980-09-01,1149710.0,,,223195.0,,,
1980-10-01,1152313.0,,,213736.0,,,
1980-11-01,1091288.0,,,201865.0,,,
1980-12-01,1259073.0,,,210379.0,,,
1981-01-01,1145988.0,,,172266.0,,8744.0,
1981-02-01,1100071.0,,,159823.0,,8745.0,
1981-03-01,1306508.0,,,195745.0,,9924.0,
1981-04-01,1301459.0,,,170062.0,,10283.0,
1981-05-01,1273451.0,,,173352.0,,9773.0,
1981-06-01,1324364.0,,,190784.0,,9940.0,
1981-07-01,1338243.0,,,183342.0,,10253.0,
1981-08-01,1185581.0,,,201064.0,,9450.0,
1981-09-01,1191823.0,,,217501.0,,9677.0,
1981-10-01,1220387.0,,,213224.0,,9844.0,
1981-11-01,1121893.0,,,195859.0,,9678.0,
1981-12-01,1140727.0,,,180627.0,,11328.0,
1982-01-01,1065677.0,,,164160.0,,7408.0,
1982-02-01,1067102.0,,,154115.0,,7249.0,
1982-03-01,1321472.0,,,178407.0,,8890.0,
1982-04-01,1196339.0,,,157449.0,,8367.0,
1982-05-01,1177383.0,,,159104.0,,8888.0,
1982-06-01,1052155.0,,,180280.0,,9759.0,
1982-07-01,1009072.0,,,173270.0,,9203.0,
1982-08-01,1043927.0,,,185235.0,,8890.0,
1982-09-01,843912.0,,,184470.0,,9242.0,
1982-10-01,771754.0,,,168304.0,,9559.0,
1982-11-01,887747.0,,,178788.0,,10777.0,
1982-12-01,925511.0,,,154325.0,,11723.0,
1983-01-01,908162.0,,,121229.0,,8655.0,
1983-02-01,807973.0,,,111077.0,,8812.0,
1983-03-01,1024813.0,,,122559.0,,10309.0,
1983-04-01,951338.0,,,114836.0,,9250.0,
1983-05-01,1052327.0,,,123957.0,,9975.0,
1983-06-01,998737.0,,,141593.0,,9859.0,
1983-07-01,963165.0,,,124966.0,,9897.0,
1983-08-01,966395.0,,,148161.0,,10620.0,
1983-09-01,877585.0,,,143872.0,,9949.0,
1983-10-01,894381.0,,,147452.0,,10208.0,
1983-11-01,966173.0,,,159915.0,,11617.0,
1983-12-01,1014566.0,,,143675.0,,12698.0,
1984-01-01,1019944.0,,,134319.0,,9342.0,
1984-02-01,919164.0,,,137958.0,,8683.0,
1984-03-01,980789.0,,,133455.0,,9187.0,
1984-04-01,1045571.0,,,113247.0,,9067.0,
1984-05-01,1180265.0,,,131727.0,,9817.0,
1984-06-01,1063832.0,,,117544.0,,9945.0,
1984-07-01,1078333.0,,,153313.0,,10720.0,
1984-08-01,1060832.0,,,143642.0,,11403.0,
1984-09-01,819612.0,,,133401.0,,10854.0,
1984-10-01,1005605.0,,,168008.0,,12746.0,
1984-11-01,1055710.0,,,130132.0,,13169.0,
1984-12-01,991783.0,,,130427.0,,14508.0,
1985-01-01,1175761.0,,,130388.0,,11555.0,
1985-02-01,1072151.0,,,101299.0,,10719.0,
1985-03-01,1215787.0,,,118103.0,,11233.0,
1985-04-01,1316343.0,,,113065.0,,12374.0,
1985-05-01,1385881.0,,,109368.0,,13231.0,
1985-06-01,1096822.0,,,97245.0,,10733.0,
1985-07-01,1216071.0,,,136391.0,,11188.0,
1985-08-01,1154185.0,,,111345.0,,10081.0,
1985-09-01,1081498.0,,,126296.0,,10621.0,
1985-10-01,1095099.0,,,142173.0,,12217.0,
1985-11-01,1057639.0,,,120472.0,,12962.0,
1985-12-01,1183674.0,,,130584.0,,15017.0,
1986-01-01,1252099.0,,,115645.0,,12330.0,
1986-02-01,1149334.0,,,103918.0,,11739.0,
1986-03-01,1251320.0,,,109834.0,,11177.0,
1986-04-01,1377415.0,,,120289.0,,12834.0,
1986-05-01,1320158.0,,,121612.0,,12171.0,
1986-06-01,1207224.0,,,114750.0,,11720.0,
1986-07-01,1269091.0,,,140718.0,,13454.0,
1986-08-01,1150518.0,,,129039.0,,12504.0,
1986-09-01,1197763.0,,,147121.0,,13699.0,
1986-10-01,1240547.0,,,147647.0,,15156.0,
1986-11-01,1135321.0,,,138070.0,,14456.0,
1986-12-01,1298125.0,,,156001.0,,17589.0,
1987-01-01,1159943.0,,,136884.0,,13432.0,
1987-02-01,1070024.0,,,119902.0,,13130.0,
1987-03-01,1207799.0,,,150506.0,,14388.0,
1987-04-01,1152249.0,,,133165.0,,14404.0,
1987-05-01,1094509.0,,,138352.0,,13177.0,
1987-06-01,1152119.0,,,165336.0,,14323.0,
1987-07-01,1067400.0,,,151328.0,,14570.0,
1987-08-01,905656.0,,,166217.0,,13909.0,
1987-09-01,987934.0,,,178983.0,,15624.0,
1987-10-01,978300.0,,,158426.0,,16824.0,
1987-11-01,1004858.0,,,160431.0,,16439.0,
1987-12-01,1096967.0,,,164408.0,,19057.0,
1988-01-01,969107.0,,,139394.0,,13856.0,
1988-02-01,1003833.0,,,141961.0,,13657.0,
1988-03-01,1091208.0,,,149759.0,,14687.0,
1988-04-01,1041237.0,,,132433.0,,13402.0,
1988-05-01,1111534.0,,,145308.0,,14713.0,
1988-06-01,1065111.0,,,143519.0,,14639.0,
1988-07-01,1023363.0,,,140544.0,,13082.0,
1988-08-01,1032284.0,,,155615.0,,12336.0,
1988-09-01,945636.0,,,138855.0,,10502.0,
1988-10-01,888015.0,,,161782.0,,10635.0,
1988-11-01,986677.0,,,164161.0,,12585.0,
1988-12-01,1041996.0,,,166066.0,,15659.0,
1989-01-01,1032627.0,,,146971.0,,11738.0,
1989-02-01,961821.0,,,136494.0,,11583.0,
1989-03-01,1106461.0,,,138236.0,,12565.0,
1989-04-01,1072846.0,,,125963.0,,11271.0,
1989-05-01,1146174.0,,,104209.0,,12439.0,
1989-06-01,950922.0,,,101801.0,,10934.0,
1989-07-01,882602.0,,,98527.0,,9031.0,
1989-08-01,1030818.0,,,116125.0,,9857.0,
1989-09-01,983663.0,,,119782.0,,10119.0,
1989-10-01,1068935.0,,,138521.0,,12180.0,
1989-11-01,1048034.0,,,136465.0,,13032.0,
1989-12-01,925096.0,,,121646.0,,14477.0,
1990-01-01,1088612.0,,,92807.0,,12714.0,
1990-02-01,893810.0,,,90019.0,,11519.0,
1990-03-01,1049045.0,,,79171.0,,12667.0,
1990-04-01,1097533.0,,,91739.0,,10934.0,
1990-05-01,1211668.0,,,99504.0,,11034.0,
1990-06-01,1161577.0,,,84244.0,,10937.0,
1990-07-01,1214380.0,,,97418.0,,11865.0,
1990-08-01,1200601.0,,,121386.0,,12222.0,
1990-09-01,1073793.0,,,110677.0,,11429.0,
1990-10-01,1173370.0,,,133663.0,,13933.0,
1990-11-01,1142646.0,,,116516.0,,14133.0,
1990-12-01,1116543.0,,,114093.0,,15822.0,
1991-01-01,1185848.0,,,116887.0,,13140.0,29570.0
1991-02-01,1078564.0,,,84045.0,,12170.0,27380.0
1991-03-01,1118599.0,,,92221.0,,12530.0,28190.0
1991-04-01,1318063.0,,,107375.0,,13210.0,29720.0
1991-05-01,1280815.0,,,104449.0,,13130.0,29540.0
1991-06-01,1011945.0,,,86148.0,,12610.0,28370.0
1991-07-01,1177470.0,,,114889.0,,14663.0,32990.0
1991-08-01,1097158.0,,,92352.0,,14470.0,32560.0
1991-09-01,987244.0,,,106297.0,,14329.0,32240.0
1991-10-01,1102734.0,,,124107.0,,16352.0,36790.0
1991-11-01,1036004.0,,,83838.0,,16670.0,37510.0
1991-12-01,1121870.0,,,115614.0,,19968.0,44930.0
1992-01-01,1143223.0,,,115052.0,,17074.0,40550.0
1992-02-01,1032182.0,,,106900.0,,15753.0,37410.0
1992-03-01,1142267.0,,,120184.0,,17701.0,42040.0
1992-04-01,1108850.0,,,99752.0,,18194.0,43210.0
1992-05-01,1013438.0,,,97249.0,,18023.0,42800.0
1992-06-01,1065055.0,,,117572.0,,19528.0,46380.0
1992-07-01,1130499.0,,,116319.0,,20425.0,48510.0
1992-08-01,1023546.0,,,117146.0,,18796.0,44640.0
1992-09-01,1016488.0,,,127828.0,,19801.0,47030.0
1992-10-01,1057282.0,,,120148.0,,20390.0,48430.0
1992-11-01,998194.0,,,77956.0,,21428.0,50890.0
1992-12-01,1092883.0,,,134707.0,,26016.0,61790.0
1993-01-01,1019803.0,,,120689.0,,19376.0,48250.0
1993-02-01,1042110.0,,,110932.0,,18329.0,46740.0
1993-03-01,1231476.0,,,134813.0,,21094.0,53580.0
1993-04-01,1139142.0,,,102024.0,,19895.0,50530.0
1993-05-01,1137513.0,,,123603.0,,20370.0,52550.0
1993-06-01,1149935.0,,,130128.0,,21988.0,58930.0
1993-07-01,1121799.0,,,122357.0,,22510.0,60550.0
1993-08-01,1087711.0,,,135287.0,,21903.0,57820.0
1993-09-01,1066271.0,,,132651.0,,21105.0,54030.0
1993-10-01,1032993.0,,,126020.0,,20954.0,53430.0
1993-11-01,1097963.0,,,143980.0,,22584.0,58490.0
1993-12-01,1089883.0,,,138387.0,,26776.0,69080.0
1994-01-01,1032357.0,,,121986.0,,19913.0,49130.0
1994-02-01,996919.0,,,114832.0,,19605.0,49120.0
1994-03-01,1162790.0,,,138901.0,,22611.0,57090.0
1994-04-01,1060222.0,,,127612.0,,19277.0,49600.0
1994-05-01,1137107.0,,,138397.0,,20729.0,53130.0
1994-06-01,1111680.0,,,122221.0,,21231.0,55440.0
1994-07-01,1111911.0,,,112212.0,,21532.0,56430.0
1994-08-01,1111422.0,,,120941.0,,23848.0,62040.0
1994-09-01,1082230.0,,,127879.0,,22990.0,58490.0
1994-10-01,1091886.0,,,133518.0,,22409.0,56790.0
1994-11-01,1181884.0,,,149894.0,,24442.0,61940.0
1994-12-01,1119950.0,,,140883.0,,28072.0,68180.0
1995-01-01,1097434.0,,,124287.0,,22146.0,53790.0
1995-02-01,987285.0,,,110623.0,,21312.0,53810.0
1995-03-01,1187209.0,,,121862.0,,25641.0,65720.0
1995-04-01,1012913.0,,,102288.0,,23123.0,59490.0
1995-05-01,1154424.0,,,119871.0,,25260.0,65720.0
1995-06-01,1097922.0,,,113964.0,,24646.0,64830.0
1995-07-01,1081237.0,,,106642.0,,23522.0,61650.0
1995-08-01,1145916.0,,,114210.0,,25059.0,65670.0
1995-09-01,1030984.0,,,109251.0,,21463.0,54400.0
1995-10-01,1023800.0,,,121657.0,,23868.0,60950.0
1995-11-01,1063022.0,,,115726.0,,25525.0,65420.0
1995-12-01,975261.0,,,107670.0,,28582.0,71340.0
1996-01-01,1048122.0,,,106437.0,,22972.0,57120.0
1996-02-01,1018604.0,,,90640.0,,22002.0,55230.0
1996-03-01,1080415.0,,,94168.0,,22562.0,56030.0
1996-04-01,1071631.0,,,89251.0,,23747.0,60590.0
1996-05-01,1101575.0,,,78479.0,,24817.0,65110.0
1996-06-01,1013796.0,,,66444.0,,22263.0,59240.0
1996-07-01,1147922.0,,,75283.0,,23991.0,63890.0
1996-08-01,1087215.0,,,69245.0,,22216.0,58390.0
1996-09-01,1066607.0,,,73119.0,,20951.0,53660.0
1996-10-01,1157875.0,,,83917.0,,24203.0,61880.0
1996-11-01,1062404.0,,,77828.0,,23059.0,58790.0
1996-12-01,1060549.0,,,85284.0,,27856.0,69800.0
1997-01-01,1046797.0,,,112847.0,,21945.0,52630.0
1997-02-01,996988.0,,,99131.0,,20300.0,49970.0
1997-03-01,1076010.0,,,107033.0,,22454.0,56430.0
1997-04-01,1218636.0,,,111302.0,,24827.0,64160.0
1997-05-01,1143246.0,,,104355.0,,24151.0,63110.0
1997-06-01,1039182.0,,,106256.0,,23020.0,61500.0
1997-07-01,1090037.0,,,116257.0,,25762.0,66750.0
1997-08-01,1004227.0,,,106437.0,,23202.0,59340.0
1997-09-01,1064479.0,,,131888.0,,25540.0,64680.0
1997-10-01,1070150.0,,,146353.0,,27059.0,67830.0
1997-11-01,955432.0,,,147024.0,,24500.0,62140.0
1997-12-01,1089533.0,,,188040.0,,32548.0,82830.0
1998-01-01,981503.0,215197.91307583,,117755.0,,24498.0,61730.0
1998-02-01,889530.0,191886.543796833,,112142.0,,24332.0,61850.0
1998-03-01,992968.0,211443.753844341,,130662.0,,26223.0,66510.0
1998-04-01,936164.0,200011.872872961,,124034.0,,27274.0,71190.0
1998-05-01,912879.0,193451.77876829397,,125888.0,,25191.0,66120.0
1998-06-01,909223.0,195322.38064741303,,142946.0,,27280.0,71570.0
1998-07-01,895015.0,195520.13159967502,,137357.0,,28431.0,72930.0
1998-08-01,871195.0,194332.060582339,,142281.0,,26604.0,68060.0
1998-09-01,908890.0,204343.05211909002,,154990.0,,28059.0,71950.0
1998-10-01,953602.0,214719.31745725498,,176102.0,,29480.0,75590.0
1998-11-01,965913.0,218556.599341147,,199150.0,,29629.0,75430.0
1998-12-01,1050844.0,234383.97665218203,,220042.0,,36501.0,92160.0
1999-01-01,948672.0,214795.984412441,,163488.0,,26687.0,68250.0
1999-02-01,927260.0,207691.67055094297,,164539.0,,27116.0,69970.0
1999-03-01,1074506.0,237498.924534299,,194890.0,,30946.0,78310.0
1999-04-01,963026.0,211967.960973253,,174853.0,,28496.0,77120.0
1999-05-01,1006152.0,222973.298653766,,195503.0,,26910.0,73110.0
1999-06-01,977610.0,217052.278210129,,190309.0,,28130.0,74640.0
1999-07-01,981162.0,218123.436912626,,186240.0,,28371.0,76040.0
1999-08-01,1021676.0,229506.121037617,,207476.0,,29153.0,77270.0
1999-09-01,1025461.0,231016.099579233,,206946.0,,28722.0,74810.0
1999-10-01,1021556.0,233094.726946284,,239120.0,,26907.0,70670.0
1999-11-01,1098031.0,249973.197115142,,273579.0,,28891.0,76270.0
1999-12-01,1099917.0,245717.027066312,,303768.0,,33172.0,87570.0
2000-01-01,1041838.0,232362.070555695,,189858.0,,25133.0,63410.0
2000-02-01,1005183.0,219795.00930712398,,191164.0,,26721.0,68000.0
2000-03-01,1137095.0,246574.438407522,,206681.0,,29854.0,77870.0
2000-04-01,934731.0,200774.93999794,,186245.0,,27061.0,72740.0
2000-05-01,1079383.0,230484.808925995,,214840.0,,30008.0,81180.0
2000-06-01,1042738.0,225716.221035058,,199775.0,,29398.0,79420.0
2000-07-01,1020005.0,224439.129417196,,198323.0,,29196.0,78420.0
2000-08-01,1040549.5,229120.390459581,,207659.0,,29880.0,78600.0
2000-09-01,1003889.0,224357.173802228,,197983.0,,28044.0,74250.0
2000-10-01,998872.5,221868.121110647,,211381.0,,29102.0,75960.0
2000-11-01,1053555.5,235403.67666727,,233537.0,,30422.0,81190.0
2000-12-01,1042395.0,228303.58423919,,288072.0,,33564.0,87900.0
2001-01-01,1047059.5,229798.977842697,,197287.0,,28782.0,73690.0
2001-02-01,980606.0,214228.74273191704,,180974.0,,26114.0,67040.0
2001-03-01,1004051.0,211221.06728492302,,195447.0,,28410.0,72300.0
2001-04-01,937680.5,194489.96513916602,,199578.0,,27406.0,73540.0
2001-05-01,981754.0,206331.124477301,,203123.0,,30246.0,81850.0
2001-06-01,938215.0,201197.180884773,,180652.0,,28272.0,76160.0
2001-07-01,963735.0,208122.250162688,,199388.0,,30128.0,82200.0
2001-08-01,976874.0,211775.51059784004,,181935.0,,30412.0,81280.0
2001-09-01,866959.0,188613.65991000598,,182168.0,,27400.0,74280.0
2001-10-01,995446.0,215592.4122312,,237868.0,,30285.0,81490.0
2001-11-01,974489.0,210859.21413133,,244431.0,,27038.0,71560.0
2001-12-01,919863.0,196774.748024622,,252600.0,,29332.0,77240.0
2002-01-01,912176.5,194678.09618182504,,158416.0,,23465.0,60510.0
2002-02-01,905497.5,197990.24027630303,,148074.0,,19916.0,51470.0
2002-03-01,934541.5,205363.134671717,,143522.0,,21299.0,53940.0
2002-04-01,1000300.5,216402.26067340397,,155054.0,,22986.0,60000.0
2002-05-01,1009796.0,221250.881251402,,148604.0,,22991.0,59950.0
2002-06-01,1042875.5,228280.195172061,,150835.0,,20262.0,52270.0
2002-07-01,1063835.0,233789.065430751,,178097.0,,20947.0,56100.0
2002-08-01,916480.5,205083.462429764,,150409.0,,19469.0,50410.0
2002-09-01,891494.5,200285.58179495498,,163208.0,,20053.0,51630.0
2002-10-01,954068.0,213158.905004669,,188725.0,,21857.0,55000.0
2002-11-01,912140.5,203088.173328369,,190896.0,,21876.0,55900.0
2002-12-01,956632.0,206234.77824035502,,224025.0,,25592.0,64290.0
2003-01-01,948290.833333333,211009.400254607,,138963.0,,22531.0,57100.0
2003-02-01,865925.333333333,188481.44684728398,,126956.0,,20100.0,50110.0
2003-03-01,940911.833333333,201834.928992308,,132619.0,,19922.0,49630.0
2003-04-01,994561.333333333,209435.553035956,,140512.0,,22215.0,56830.0
2003-05-01,1011823.83333333,211379.582521792,,136305.0,,22527.0,58390.0
2003-06-01,1022114.08333333,214193.002271048,,139850.0,,21927.0,57130.0
2003-07-01,1111491.25,237323.301590636,,149986.0,,23597.0,61010.0
2003-08-01,1042236.0,221223.015315767,,135286.0,,21580.0,55290.0
2003-09-01,1113897.5,236891.70703052697,,164080.0,,23223.0,59440.0
2003-10-01,1174286.0,248579.035221603,,167816.0,,25347.0,65750.0
2003-11-01,1088776.0,230868.312003823,,171390.0,,23415.0,60220.0
2003-12-01,1217320.0,252620.090210495,,209164.0,,30332.0,77980.0
2004-01-01,1113413.75,237082.20898876,,133563.0,,25531.0,64170.0
2004-02-01,1084766.75,228265.34455737,,133888.0,,24858.0,63100.0
2004-03-01,1239671.0,259715.41331085598,,166769.0,,29264.0,74310.0
2004-04-01,1110502.0,227600.50853525702,,147170.0,,26216.0,66470.0
2004-05-01,1192916.0,245329.15315427998,,166020.0,,26582.0,68820.0
2004-06-01,1256293.0,261835.561371603,,173274.0,,27739.0,71980.0
2004-07-01,1230684.0,260093.487647499,,168435.0,,28100.0,73670.0
2004-08-01,1231635.0,259450.359830853,,177240.0,,28488.0,74330.0
2004-09-01,1215847.0,261461.082603205,,191854.0,,28338.0,72610.0
2004-10-01,1181224.0,257118.918020607,,200458.0,,28843.0,73790.0
2004-11-01,1226590.0,267908.662315986,,230684.0,,31390.0,80250.0
2004-12-01,1248437.0,265972.65525376995,,259154.0,,32991.0,82380.0
2005-01-01,1128533.0,246173.22645275202,,165550.0,,28515.0,70570.0
2005-02-01,1092710.0,237879.253231733,,164643.0,,28205.0,70290.0
2005-03-01,1136206.0,245605.938067362,,185297.0,,31754.0,80450.0
2005-04-01,1211311.0,262598.21896668,,182334.0,,31836.0,82370.0
2005-05-01,1270277.0,275224.29790278396,,194399.0,,32906.0,85040.0
2005-06-01,1218348.0,264628.253884454,,190762.0,,32036.0,82670.0
2005-07-01,1201097.0,260642.998595932,,190325.0,,31210.0,80450.0
2005-08-01,1279725.0,280116.24408300204,,215420.0,,34466.0,88380.0
2005-09-01,1246835.0,275075.462062461,,209832.0,,34057.0,88410.0
2005-10-01,1234561.0,268738.46565136604,,233719.0,,33556.0,86330.0
2005-11-01,1186146.0,272878.987978334,,260714.0,,36247.0,93080.0
2005-12-01,1144571.0,258034.933596331,,277129.0,,39597.0,101800.0
2006-01-01,1138254.0,257763.43497474602,,207105.0,17985.3,35755.0,88420.0
2006-02-01,1007948.0,226367.713601261,,200637.0,17584.6,33383.0,82460.0
2006-03-01,1114299.0,257717.12654731498,,226033.0,19930.7,38618.0,97950.0
2006-04-01,878694.0,199007.130360833,,216248.0,19503.4,33750.0,85860.0
2006-05-01,1009348.0,228333.07735263198,,258643.0,23271.8,38090.0,99460.0
2006-06-01,1041743.0,239341.448172928,,240591.0,21383.7,37723.0,97740.0
2006-07-01,1081878.0,250154.14573380302,,257136.0,22499.1,36860.0,96280.0
2006-08-01,1277126.0,296216.062334104,,275000.0,23865.5,39886.0,104880.0
2006-09-01,1217509.0,280096.891862883,,267885.0,23163.8,37624.0,98100.0
2006-10-01,1253146.0,280804.31777417404,,298359.0,25313.8,38537.0,100850.0
2006-11-01,1270595.0,281739.111285629,,298859.0,24923.6,39879.0,104670.0
2006-12-01,1124620.0,239400.306808906,,311480.0,25621.5,40322.0,102460.0
2007-01-01,1222573.0,268589.301100903,,261785.0,22525.1,40188.0,100810.0
2007-02-01,1085812.0,237468.388680259,,239293.0,20468.3,36985.0,92490.0
2007-03-01,1176370.0,256660.346701614,,263932.0,22856.2,41310.0,103430.0
2007-04-01,1103249.0,237059.768862203,,263342.0,23085.2,38168.0,97580.0
2007-05-01,1209901.0,261412.551517157,,275680.0,24122.6,41753.0,107900.0
2007-06-01,1202138.0,263194.551245119,,262640.0,23015.8,39509.0,100090.0
2007-07-01,1300901.0,284235.329545915,,268199.0,23294.6,40953.0,104340.0
2007-08-01,1381501.0,299836.03582727304,,251921.0,21976.8,41689.0,107140.0
2007-09-01,1171053.0,249134.75998441002,,237926.0,20669.6,36788.0,94720.0
2007-10-01,1387410.0,290902.077869818,,295248.0,25277.7,42069.0,109770.0
2007-11-01,1423321.0,304068.312414008,,287108.0,23099.4,43321.0,112370.0
2007-12-01,1291430.0,271138.14232905797,,293081.0,23727.2,44826.0,113820.0
2008-01-01,1336470.0,285516.476686998,,226644.0,19313.0,45082.0,115000.0
2008-02-01,1241836.0,261767.12967597097,,228125.0,19289.0,42535.0,108000.0
2008-03-01,722024.0,152362.417426008,,166684.0,14352.0,39516.0,103000.0
2008-04-01,1379156.0,294888.52670782205,,304544.0,27597.0,46210.0,122000.0
2008-05-01,1103694.0,231998.488301164,,254133.0,22640.0,44770.0,119000.0
2008-06-01,1023830.0,218202.36310600198,,201336.0,18104.0,42397.0,109000.0
2008-07-01,1370185.0,300900.775508327,,301969.0,27025.0,46431.0,120000.0
2008-08-01,1300403.0,284500.59893523296,,272550.0,24101.0,43055.0,112000.0
2008-09-01,1364431.0,295694.458521995,,296734.0,26043.0,46568.0,123000.0
2008-10-01,1332022.0,282570.88953826297,,299071.0,25346.0,48226.0,126000.0
2008-11-01,1181323.0,251616.89669227102,,279593.0,23762.0,43454.0,112000.0
2008-12-01,1304910.0,271884.843762987,,325458.0,26783.0,51245.0,131000.0
2009-01-01,1311459.0,278688.931730118,,252621.0,21771.0,45582.0,122000.0
2009-02-01,1213668.0,251689.800561004,,245190.0,21061.0,42845.0,112000.0
2009-03-01,1259783.0,261536.96937342,,269824.0,23552.0,46899.0,122000.0
2009-04-01,1342224.25,284291.14784602,,272071.0,24268.0,46302.0,124000.0
2009-05-01,1241788.0,260870.72250937097,,251982.0,22596.0,44828.0,120000.0
2009-06-01,1427990.0,300778.315688267,,285377.0,25557.0,48593.0,128000.0
2009-07-01,1458327.25,311260.135274148,,283084.0,24913.0,49718.0,131000.0
2009-08-01,1390996.0,294776.034581872,,285751.0,24747.0,45557.0,117000.0
2009-09-01,1333419.0,282787.593104584,,280912.0,24148.0,48963.0,127000.0
2009-10-01,1439888.0,302706.73380332196,,301385.0,25583.0,49603.0,132000.0
2009-11-01,1324910.0,276827.214333083,,287510.0,24129.0,49537.0,127000.0
2009-12-01,1308602.0,270181.29112993105,,324052.0,26528.0,54899.0,140000.0
2010-01-01,1133636.0,238734.106173341,,249611.0,21357.0,47871.0,121000.0
2010-02-01,967760.0,205296.0,,247473.0,21086.0,46641.0,116000.0
2010-03-01,1105605.0,230861.0,,300411.0,25818.0,52656.0,133000.0
2010-04-01,974771.0,210271.632326559,,267682.0,23407.0,50175.0,129000.0
2010-05-01,933997.0,209470.0,,260619.0,23168.0,47198.0,123000.0
2010-06-01,951394.0,211017.0,,273321.0,24333.0,51940.0,138000.0
2010-07-01,1009126.0,227398.0,,268407.0,23720.0,52049.0,137000.0
2010-08-01,1049636.0,238846.0,,268464.0,23449.0,51330.0,134000.0
2010-09-01,994473.0,225587.0,,255902.0,22323.0,53652.0,141000.0
2010-10-01,895803.5,205186.0,,259664.0,22588.0,49696.0,130000.0
2010-11-01,925595.5,212234.0,,277729.0,23407.0,54957.0,144000.0
2010-12-01,940909.0,210979.0,,304850.0,24446.0,58030.0,150000.0
2011-01-01,889059.0,201480.730974427,,240591.0,21011.0,52858.0,135000.0
2011-02-01,851054.6306,194091.843988453,,233186.0,20224.0,50784.0,129000.0
2011-03-01,943434.0,218428.98940338902,,272087.0,23843.0,56184.0,146000.0
2011-04-01,821028.3482,191348.445899653,,284850.0,25765.0,55029.0,145000.0
2011-05-01,896681.0,207998.485246726,,300655.0,27285.0,57888.0,153000.0
2011-06-01,880244.0,203916.865513347,,302116.0,27273.0,57167.0,150000.0
2011-07-01,883661.3272,205463.512244349,,300557.0,26825.0,54834.0,143000.0
2011-08-01,954705.3418,221573.236088871,,310593.0,27323.0,58887.0,153000.0
2011-09-01,947363.76,220217.08505048,,285618.0,25055.0,58373.0,154000.0
2011-10-01,919000.9748,210008.42199948098,,288392.0,25074.0,56259.0,148000.0
2011-11-01,912402.7804,206837.17879671202,,288055.0,24316.0,60933.0,159000.0
2011-12-01,963261.0918,215885.684686981,,336060.0,27301.0,63822.0,165000.0
2012-01-01,955814.167,215408.672898585,,275185.0,22736.0,61471.0,154000.0
2012-02-01,894783.8022,202051.73846950798,,265643.0,22378.0,53581.0,134000.0
2012-03-01,959587.4972,218972.72698298,,332042.0,28778.0,65812.0,167000.0
2012-04-01,854387.9508,195651.718129245,,303752.0,26818.0,55335.0,145000.0
2012-05-01,973059.6256,225517.20616582697,,339669.0,29989.0,63748.0,170000.0
2012-06-01,879179.092,200778.934356891,,318305.0,28103.0,60006.0,159000.0
2012-07-01,986917.0072,226962.603158023,,335156.0,29319.0,60992.0,161000.0
2012-08-01,959128.909,219135.426652567,,308693.0,26754.0,65247.0,170000.0
2012-09-01,943420.552,213201.950877378,,304750.0,26906.0,58480.0,154000.0
2012-10-01,1038945.7452,235445.54909795098,,352152.0,31092.0,67070.0,176000.0
2012-11-01,995957.746,224833.656388364,,342330.0,29670.0,62189.0,160000.0
2012-12-01,987609.2896,217854.995493449,,341081.0,28456.0,60715.0,151000.0
2013-01-01,1060153.2494,239248.624107552,,365158.0,30465.0,63266.0,157000.0
2013-02-01,969251.0946,217929.525113883,,336332.0,28333.0,54703.0,139000.0
2013-03-01,970461.611,220591.991474146,,374171.0,32429.0,61557.0,159000.0
2013-04-01,1045237.8882,235346.36567033498,,395605.0,35569.0,62207.0,164000.0
2013-05-01,1058122.3588,239411.87958901402,,411975.0,37041.0,65927.0,173000.0
2013-06-01,989779.0278,222838.33275605098,,371801.0,33429.0,56424.0,152000.0
2013-07-01,1133757.1444,256897.242798585,,421748.0,37919.0,66082.0,179000.0
2013-08-01,1049659.4998,237980.679663035,,410133.0,36211.0,61917.0,165000.0
2013-09-01,1071109.4984,239669.429007487,,411540.0,35668.0,59071.0,155000.0
2013-10-01,1161800.4484,254787.76594363697,,429360.0,36865.0,62966.0,167000.0
2013-11-01,1030823.1606,222469.002562343,,414581.0,34253.0,57917.0,154000.0
2013-12-01,1085358.0,234437.328,,463095.0,38261.0,60426.0,157000.0
2014-01-01,1052690.6798,229760.08254500202,,398208.0,33222.0,62476.0,157000.0
2014-02-01,935530.6838,203605.321649731,,367192.0,30635.0,55055.0,139000.0
2014-03-01,996408.5118,218843.123504261,,430707.0,37329.0,56219.0,150000.0
2014-04-01,991565.4684,217983.263701224,,400829.0,35714.0,60419.0,160000.0
2014-05-01,1000823.2788,222100.708065171,,446633.0,40157.0,60733.0,164000.0
2014-06-01,1019093.4718,224608.812976074,,432264.0,38165.0,58263.0,156000.0
2014-07-01,1062187.0734,234153.31132732102,,430783.0,37685.0,63647.0,172000.0
2014-08-01,958315.3794,213199.356318182,,427505.0,37398.0,59092.0,160000.0
2014-09-01,1028454.929,230538.87574727,,443929.0,38835.0,64773.0,175000.0
2014-10-01,1032708.359,231183.064569359,,446474.0,38696.0,65509.0,174000.0
2014-11-01,997488.003,222217.945130775,,421620.0,35859.0,58099.0,155000.0
2014-12-01,1025713.1778,225901.200506486,,463939.0,38331.0,64958.0,172000.0
2015-01-01,1022228.2986,229005.2929812,,417548.0,35512.0,63944.0,179000.0
2015-02-01,945810.2952,211285.028999013,,394202.0,33208.0,57468.0,160000.0
2015-03-01,1069896.0486,239422.53842620202,,452131.0,39186.0,62402.0,176000.0
2015-04-01,1010407.6744,227089.185066943,,453275.0,40020.0,63834.0,183000.0
2015-05-01,1006319.4926,226416.671247596,,450733.0,40525.0,58361.0,169000.0
2015-06-01,1071131.9878,240821.95634031398,,466867.0,42354.0,63695.0,187000.0
2015-07-01,1028152.7888,231642.10918748402,,455433.0,40579.0,64227.0,187000.0
2015-08-01,1002452.2936,223805.452565628,,469502.0,41452.0,57761.0,168000.0
2015-09-01,1066823.801,240562.410382256,,479698.0,42741.0,61765.0,178000.0
2015-10-01,1009066.1328,227031.195725556,,488840.0,42764.0,59894.0,172000.0
2015-11-01,960241.6454,214653.25328532298,,490229.0,42885.0,55766.0,159000.0
2015-12-01,964069.7324,215095.13605051002,,505257.0,42972.0,60811.0,174000.0
2016-01-01,941113.0,214976.54700000002,,455627.0,39603.0,55133.924,152851.08554064002
2016-02-01,913581.0,206323.039,,443309.0,37442.0,50952.626,141103.10718179998
2016-03-01,1010335.0,229157.468,,518794.0,44668.0,59425.007,171899.90624903995
2016-04-01,902498.0,203234.84199999998,,477071.0,41467.0,57071.602,166838.55555864002
2016-05-01,985943.0,222207.247,,523687.0,47666.0,59301.847,174568.03305084002
2016-06-01,946228.0,212379.951,,488628.0,44475.0,60502.169,181742.46545909997
2016-07-01,928975.0,209185.668,,503998.0,45461.0,58412.116,173319.26235287997
2016-08-01,1038556.0,233680.918,,531490.0,46197.0,63446.343,187221.27570498
2016-09-01,978182.0,221952.381,,486206.0,42261.0,60458.114,176800.08109476
2016-10-01,977058.0,219841.443,,519855.0,44760.0,57470.596,168884.24281752
2016-11-01,1029272.0,232883.923,,493708.0,42913.0,59929.229,178187.57658569998
2016-12-01,1068609.0,238417.846,,544188.0,45516.0,61919.013,181451.19083598
2017-01-01,1035008.2,231374.357,,478343.0,40134.588,60986.971,175223.49598922988
2017-02-01,893067.75,199648.62099999998,,425739.75,35946.459,53259.316,154455.74455211993
2017-03-01,1120895.5,251766.72999999998,,542037.75,46653.639,65557.331,194677.2473109974
2017-04-01,915087.5,205635.12399999998,,488422.75,43077.211,58045.806,173765.46047515186
2017-05-01,1060236.0,239427.247,,566739.25,50941.405,62478.433,189643.28682221987
2017-06-01,1043616.5,236601.304,,528149.5,47887.124,63511.86,192132.6492315599
2017-07-01,1020241.25,230134.298,,536298.25,48653.749,61602.637,186753.93830282986
2017-08-01,1098028.0,247772.095,,559567.0,50196.549,62231.669,188737.4503765799
2017-09-01,1046021.5,237470.747,,529589.75,47380.239,55888.981,169452.59594294988
2017-10-01,1130660.75,255411.297,,566862.75,49862.588,59397.389,182835.85487201987
2017-11-01,1124740.25,254803.16999999998,,538451.0,46457.664,62010.862,182961.7461028979
2017-12-01,1106232.0,247606.882,,564878.0,47173.277,57147.648,170114.26118399986
2018-01-01,1113749.5,252536.361,191728.0,528249.75,45609.686,58253.36,169855.70049491987
2018-02-01,1015497.5,229996.50600000002,135418.0,476967.5,41637.457,50502.078,147836.75301251988
2018-03-01,1144104.5,260541.63,103169.0,553671.5,48697.495,59944.06,180720.28122092984
2018-04-01,1097057.75,247950.029,52591.0,540171.75,48471.319,58407.739,178991.21705836788
2018-05-01,1141759.0,258424.17899999997,39175.0,566512.0,51597.424,62130.218,188895.27841312488
2018-06-01,1108133.25,251860.87,19744.0,557306.75,50530.312,57447.116,175148.27458373687
2018-07-01,1128669.75,261769.589,17826.0,583942.0,52621.421,61499.709,189204.50048544435
2018-08-01,1187470.5,274501.31299999997,20849.0,581938.0,52299.051,63511.76,193242.78632879988
2018-09-01,999702.75,229765.52300000002,13900.0,515434.75,45980.819,55325.966,165220.37487352788
2018-10-01,1210403.75,278006.569,48006.0,605628.75,53193.279,63380.903,191836.75341452987
2018-11-01,1129335.0,257190.61099999998,63489.0,549559.75,47838.512,61699.759,187669.56556042188
2018-12-01,1124253.25,251496.392,201257.0,593705.5,49891.427,59356.871,181494.55474676387
2019-01-01,1131196.25,255428.864,176512.0,544874.25,48151.78728,65174.38,196011.16575743997
2019-02-01,983607.0,222818.43,140475.0,508582.0,44518.29746,57156.76,166202.918762736
2019-03-01,1019758.25,230751.989,109590.0,540035.0,48175.98158999999,58651.248,176205.00594643204
2019-04-01,1072583.5,239167.418,57474.0,591622.5,53751.25392,60772.757,186797.466281928
2019-05-01,1174824.25,262063.56,37254.0,594225.5,54967.0426,66790.476,203796.176447376
2019-06-01,1052396.25,234634.442,23807.0,529308.0,49162.43804000001,57299.584,179548.934059008
2019-07-01,1267451.75,286005.32800000004,18389.0,612698.75,56435.09047000002,68384.432,210485.64046963202
2019-08-01,1198150.5,271504.482,16968.0,550787.25,50540.474480000004,65234.445,202183.46382852
2019-09-01,1191441.5,271769.272,19130.0,540183.25,49603.81798,61673.715,186997.91091318
2019-10-01,1308577.25,296385.286,44980.0,581622.75,53183.91320000001,66802.569,205688.049264036
2019-11-01,1205940.25,272237.122,69333.0,536451.5,48081.140600000006,62648.316,192160.929073536
2019-12-01,1266961.25,281432.372,205087.0,616852.5,53754.49732999999,66360.443,200286.965528424
2020-01-01,1143845.5,257882.46500000003,191326.0,559153.0,50198.0,68354.981,203897.713344444
2020-02-01,1013204.5,226024.04200000002,150992.0,511173.0,46039.0,58403.449,173090.3018013
2020-03-01,1095439.25,243886.119,93244.0,521603.0,48129.0,61319.443,186251.18561265594
2020-04-01,1170396.75,262155.805,76148.0,558981.0,54073.0,68667.543,210550.343037804
2020-05-01,1145786.75,256975.855,43988.0,569806.0,55804.0,61056.761,188257.288099476
2020-06-01,1201604.75,271828.426,24834.0,652479.0,63129.0,62608.058,192839.83074249598
2020-07-01,1211129.75,277231.814,16611.0,619706.0,59237.0,64324.334,200530.59665032802
2020-08-01,1156906.75,265594.182,20802.0,601284.0,56309.0,59825.532,184013.76434687997
2020-09-01,1210719.0,278957.317,23482.0,589329.0,54993.0,64009.59,196336.35936863997
2020-10-01,1234249.5,281951.64999999997,39144.0,583660.0,54433.0,63327.343,196205.08034192398
2020-11-01,1224106.0,278640.242,60401.0,580317.0,53912.0,62101.743,191213.999173692
2020-12-01,1200821.0,270320.277,198624.0,658603.0,59125.0,63927.132,193147.64666510402
2021-01-01,998607.25,227840.176,165507.0,555167.75,51360.74049999991,57598.098,173840.73624446397
2021-02-01,1004790.5,226715.93300000002,138454.0,554228.25,51190.86675999997,53473.417,164475.67494527998
2021-03-01,1179206.0,266412.42,107325.0,678115.75,63079.99709999991,66756.302,206686.32282386397
2021-04-01,1096978.0,247861.228,60714.0,611120.25,57860.814899999976,63173.256,191477.128163904
2021-05-01,982642.5,220654.147,36781.0,617935.75,58783.71333999987,58264.864,179835.66803328
2021-06-01,1089096.75,252984.835,22250.0,664719.25,63040.64156999999,64209.685,198253.05288977997
2021-07-01,1074274.75,251058.652,22983.0,642697.75,60554.91444999997,62131.479,191969.121821796
2021-08-01,1139471.5,267082.496,28732.0,642229.0,59721.46501999995,62716.677,197863.08820034403
2021-09-01,1099762.75,256279.37900000002,23627.0,608479.75,56150.20583999998,63208.253,197861.30003192398
2021-10-01,1076692.75,249118.566,46773.0,597511.0,55161.171649999924,59666.94,190280.73567311998
2021-11-01,1103332.5,253946.932,84594.0,634750.5,58228.564270000046,63715.688,197952.664066656
2021-12-01,1142377.0,261735.033,196535.9,677314.75,60806.22299000013,66480.445,204483.2119488
2022-01-01,976835.75,223339.071,150722.0,535309.25,48902.165220000046,59651.0,181248.2713056
2022-02-01,1025626.0,235356.87,154784.0,552136.75,50874.34598999987,57255.0,176352.477864192
2022-03-01,1149696.75,263374.322,128835.0,669664.5,63012.16752000017,64820.0,200483.40429139198
2022-04-01,1055459.25,243498.942,77737.0,628399.0,60176.043800000276,59406.0,182787.81510454798
2022-05-01,1164847.25,269658.192,54749.0,683461.25,65852.19938000028,62291.0,189334.606426176
2022-06-01,1142952.25,266938.06799999997,31492.0,668014.0,64420.72669999989,63798.0,195413.46661051197
2022-07-01,1109364.25,262028.95899999997,22617.0,654924.0,62543.4262500002,63316.0,195643.34693658003
2022-08-01,1233093.0,290727.626,28617.0,695029.25,66019.93096000019,65719.0,205649.1466944
2022-09-01,1185273.0,279988.767,28499.0,639610.5,60905.06776999999,64477.0,201627.010096128
2022-10-01,1112073.25,258030.33299999998,44070.0,640498.25,60627.46928000004,60809.0,191066.631246024
2022-11-01,1181289.0,274951.439,69397.0,658139.25,61380.93605999997,65089.0,201941.01198473998
2022-12-01,1243724.0,282958.044,184142.0,684350.0,61936.80995000026,65061.0,196990.10391312
2023-01-01,1196056.25,273282.99223999993,181043.0,641352.5,58936.89967999992,65678.0,196893.12090503998
2023-02-01,1052638.0,239108.17589999997,141441.0,583279.75,53892.62843000004,55754.0,165953.911294656
2023-03-01,1296154.5,293969.58947999997,118858.0,700782.5,65383.649439999994,63583.0,188101.97188512
2023-04-01,1178713.25,263943.68253999995,87868.0,640781.75,60489.232130000026,58656.0,184424.89274111998
2023-05-01,1287445.75,289605.55248,64082.0,702204.75,67348.25591999982,62511.0,195813.447331824
2023-06-01,1318743.5,298278.67405000003,37273.0,672987.25,64889.54581000022,62175.0,192235.13402112
2023-07-01,1291853.25,291131.2346399999,22839.0,670547.0,64803.61694999992,60797.0,186611.25359973602
2023-08-01,1239642.25,280099.7088000001,26758.0,713227.25,68697.5077600003,65703.0,207845.93726508002
2023-09-01,1162459.0,266529.53683999996,30795.0,677524.75,64683.90491000001,59521.0,187782.344627976
2023-10-01,1166192.25,260142.26080000002,37918.0,699055.75,66098.40629999984,62344.0,199350.22158993603
2023-11-01,1241080.0,284762.6104700001,57195.0,690526.0,64285.92472999992,62820.0,194498.015285496
2023-12-01,1083807.5,245718.11651999998,150163.0,692424.25,62469.213809999805,60959.064,187630.535974464
2024-01-01,1164941.25,267781.27424,167998.0,636651.0,58951.0,66555.892,206350.15378036804
2024-02-01,1054501.5,239947.31121,158826.0,586504.0,54781.0,57824.415,174770.8248726
2024-03-01,1061273.25,240394.8369,106407.0,646764.0,60897.0,59869.787,175070.27322880796
2024-04-01,1076496.5,243172.41128,57637.0,707458.0,68442.0,59853.156,188829.045976032
2024-05-01,1176845.5,267635.08849000017,38944.0,744243.0,73278.0,62314.29,195661.88545679997
2024-06-01,1030783.25,233079.52660000016,19936.0,664343.0,65067.0,53088.182,167316.324387576
2024-07-01,1262356.5,289811.51821,22720.0,794595.0,77076.0,66637.152,212010.896962944
2024-08-01,1213513.5,280406.3079,21997.0,707102.0,66891.0,63256.986,198892.109325312
2024-09-01,1209279.25,279243.72622,21799.0,677126.0,63587.0,60943.668,191878.944725952
2024-10-01,1282667.25,292805.35649999994,36514.0,717277.0,66745.0,64938.432,204664.378104576
2024-11-01,1153257.0,262514.39029999997,58810.0,665597.0,61492.0,59960.384,187758.507408384
2024-12-01,1245845.5,281252.1533300001,161088.0,763597.0,68570.0,63923.94,200716.0576848
2025-01-01,1149814.0,265459.57721,166178.0,666043.0,61066.0,67119.556,206377.331441232
2025-02-01,1034125.0,236481.57828000002,164506.0,628085.0,57126.0,59096.347,184484.848596108
2025-03-01,1029524.75,235194.31202,108022.0,664888.0,61316.0,58595.78,179855.76219696001
2025-04-01,1129903.25,258992.26707000003,78770.0,708261.0,67346.0,62942.941,191518.50075481198
2025-05-01,1117702.0,259681.61359999998,49484.0,711094.0,69249.0,61853.519,189326.694064872
